Matrix,Energy
wiki-Vote,5122924069.063834
p2p-Gnutella31,6401440446.813808
ca-CondMat,16730262131.651701
poisson3Da,42757856014.29162
email-Enron,69874858018.13832
