Matrix,Energy
wiki-Vote,5698772283.13862
p2p-Gnutella31,6876316639.277531
ca-CondMat,17161974242.77754
poisson3Da,45013177713.408585
email-Enron,78743672203.13861
